{"seed": 1, "test_acc": [49.72532559718536, 50.62444705059358], "val_acc": [55.22332964193429, 56.09919795966307], "train_loss": [55.18852882638194, 55.721841633586614], "mean_test_acc": 50.17488632388947, "std_test_acc": 0.4495607267041102}